{ 
    
    "claw_closed": [
        {
            "shape": [ 142,35, 128,36, 123,14, 144,13 ]
        },
        {
            "shape": [ 122,1, 123,14, 104,13, 104,0 ]
        },
        {
            "shape": [ 104,13, 128,36, 86,37, 86,12 ]
        },
        {
            "shape": [ 100,75, 138,128, 89,128, 63,121, 65,73 ]
        },
        {
            "shape": [ 168,126, 138,128, 128,74, 166,74 ]
        },
        {
            "shape": [ 128,36, 104,13, 123,14 ]
        },
        {
            "shape": [ 71,253, 37,167, 65,177, 89,248 ]
        },
        {
            "shape": [ 63,121, 89,128, 65,177, 37,167 ]
        },
        {
            "shape": [ 99,37, 128,74, 138,128, 100,75 ]
        },
        {
            "shape": [ 174,160, 197,162, 170,254, 156,249 ]
        },
        {
            "shape": [ 174,160, 138,128, 168,126, 197,162 ]
        },
        {
            "shape": [ 99,37, 128,36, 128,74 ]
        }
    ]
    , 
    "claw_open": [
        {
            "shape": [ 163,115, 144,131, 87,136, 59,114, 94,74, 125,73, 164,74 ]
        },
        {
            "shape": [ 140,38, 124,36, 116,14, 139,12 ]
        },
        {
            "shape": [ 115,3, 116,14, 103,14, 104,3 ]
        },
        {
            "shape": [ 94,74, 59,114, 59,74 ]
        },
        {
            "shape": [ 103,14, 95,35, 82,37, 83,14 ]
        },
        {
            "shape": [ 124,36, 125,73, 94,74, 95,35, 103,14, 116,14 ]
        },
        {
            "shape": [ 9,244, 60,131, 59,175, 25,251 ]
        },
        {
            "shape": [ 60,131, 87,136, 59,175 ]
        },
        {
            "shape": [ 59,114, 87,136, 60,131 ]
        },
        {
            "shape": [ 163,115, 193,157, 168,161, 144,131 ]
        },
        {
            "shape": [ 193,157, 223,244, 209,248, 168,161 ]
        }
    ]
}
