{ 
    
    "1": [
        {
            "shape": [ 45,104, 96,67, 75,122, 65,145, 28,138 ]
        },
        {
            "shape": [ 96,67, 45,104, 52,64, 77,15, 114,29 ]
        },
        {
            "shape": [ 77,15, 52,64, 41,22 ]
        },
        {
            "shape": [ 52,64, 45,104, 25,89 ]
        },
        {
            "shape": [ 96,67, 115,75, 128,136, 102,143, 75,122 ]
        }
    ]
    , 
    "2": [
        {
            "shape": [ 88,112, 63,74, 93,59, 112,71, 125,90, 123,129 ]
        },
        {
            "shape": [ 30,107, 63,74, 72,109, 42,128 ]
        },
        {
            "shape": [ 48,38, 86,22, 99,35, 93,59, 63,74, 41,70, 34,53 ]
        },
        {
            "shape": [ 63,74, 88,112, 72,109 ]
        }
    ]
}
